##########################################;;;;;;;;;x;;;;
# Parties ################################;;;;;;;;;x;;;;
##########################################;;;;;;;;;x;;;;
PARTY_militarist;Militarist Fraction;french;Militärfraktion;;spanish;;;;;;;;;x;;;;
PARTY_civilian;Civil Fraction;french;Zivilistenfraktion;;spanish;;;;;;;;;x;;;;
PARTY_populist;Populist Fraction;french;Populistenfraktion;;spanish;;;;;;;;;x;;;;
PARTY_theologist;Theologist Fraction;french;Theologenfraktion;;spanish;;;;;;;;;x;;;;
PARTY_trader;Trader Fraction;french;Händlerfraktion;;spanish;;;;;;;;;x;;;;
PARTY_liberal;Militarist Fraction;french;Militärfraktion;;spanish;;;;;;;;;x;;;;
PARTY_anarcho_liberal;Civil Fraction;french;Zivilistenfraktion;;spanish;;;;;;;;;x;;;;
PARTY_conservative;Populist Fraction;french;Populistenfraktion;;spanish;;;;;;;;;x;;;;
PARTY_reactionary;Theologist Fraction;french;Theologenfraktion;;spanish;;;;;;;;;x;;;;
PARTY_socialist;Trader Fraction;french;Händlerfraktion;;spanish;;;;;;;;;x;;;;
PARTY_communist;Trader Fraction;french;Händlerfraktion;;spanish;;;;;;;;;x;;;;
PARTY_fascist;Trader Fraction;french;Händlerfraktion;;spanish;;;;;;;;;x;;;;
##########################################;;;;;;;;;x;;;;
# Government Types #######################;;;;;;;;;x;;;;
##########################################;;;;;;;;;x;;;;
military_tribe;Military Tribe;french;Militärischer Stamm;;spanish;;;;;;;;;x;;;;
trade_tribe;Trade Tribe;french;Militärischer Stamm;;spanish;;;;;;;;;x;;;;
civic_tribe;Civic Tribe;french;Stammesdemokratie;;spanish;;;;;;;;;x;;;;
oligarchic_republic;Oligarchic Republic;french;Oligarchenrepuplik;;spanish;;;;;;;;;x;;;;
military_republic;Military Republic;french;Militärrepublik;;spanish;;;;;;;;;x;;;;
despotic_monarchy;Despotic Monarchy;french;Despotische Monarchie;;spanish;;;;;;;;;x;;;;
federal_monarchy;Federal Monarchy;french;Föderale Monarchie;;spanish;;;;;;;;;x;;;;
aristocratic_monarchy;Aristocratic Monarchy;french;Aristokratische Monarchie;;spanish;;;;;;;;;x;;;;
republic_confederacy;Republic Confederacy;french;Konföderierte Republik;;spanish;;;;;;;;;x;;;;
##########################################;;;;;;;;;x;;;;
# Party Ruler ############################;;;;;;;;;x;;;;
##########################################;;;;;;;;;x;;;;
military_tribe_ruler;Tribal Council;french;Stammesrat;;spanish;;;;;;;;;x;;;;
trade_tribe_ruler;Tribal Council;french;Stammesrat;;spanish;;;;;;;;;x;;;;
civic_tribe_ruler;Tribal Council;french;Stammesrat;;spanish;;;;;;;;;x;;;;
oligarchic_republic_ruler;Senate;french;Senat;;spanish;;;;;;;;;x;;;;
military_republic_ruler;Senate;french;Senat;;spanish;;;;;;;;;x;;;;
despotic_monarchy_ruler;King;Roi;König;;Rey;;;;;;;;;x;;;;
federal_monarchy_ruler;King;Roi;König;;Rey;;;;;;;;;x;;;;
aristocratic_monarchy_ruler;King;Roi;König;;Rey;;;;;;;;;x;;;;
republic_confederacy_ruler;Confederacy Council;french;Konföderationsrat;;spanish;;;;;;;;;x;;;;
##########################################;;;;;;;;;x;;;;
# Party NameDesc #########################;;;;;;;;;x;;;;
##########################################;;;;;;;;;x;;;;
militarist;Militarist;french;Militaristen;;spanish;;;;;;;;;x;;;;
trader;Trader;french;Händler;;spanish;;;;;;;;;x;;;;
theologist;Theologist;french;Theologen;;spanish;;;;;;;;;x;;;;
civilian;Civilian;french;Zivilisten;;spanish;;;;;;;;;x;;;;
populist;Populist;french;Populisten;;spanish;;;;;;;;;x;;;;
##########################################;;;;;;;;;x;;;;
# Goods ##################################;;;;;;;;;x;;;;
##########################################;;;;;;;;;x;;;;
jewelry;Jewelry;french;Schmuck;;spanish;;;;;;;;;x;;;;
processed_food;Processed Food;french;Verarbeitete Nahrung;;spanish;;;;;;;;;x;;;;
firewood;Firewood;french;Feuerholz;;spanish;;;;;;;;;x;;;;
olive_oil;Olive Oil;french;Olivenöl;;spanish;;;;;;;;;x;;;;
mead;Mead;french;Met;;spanish;;;;;;;;;x;;;;
parchment;Parchment;french;Pergament;;spanish;;;;;;;;;x;;;;
leather;Leather;french;Leder;;spanish;;;;;;;;;x;;;;
naval_supplies;Naval Supplies;french;Maritimes Material;;spanish;;;;;;;;;x;;;;
organic_fertilizer;Organic Fertilizer;french;Naturdünger;;spanish;;;;;;;;;x;;;;
amphores;Amphores;french;Amphoren;;spanish;;;;;;;;;x;;;;
tools;Tools;french;Werkzeuge;;spanish;;;;;;;;;x;;;;
concrete;Concrete;french;Beton;;spanish;;;;;;;;;x;;;;
bronze;Bronze;french;Bronze;;spanish;;;;;;;;;x;;;;
gold;Gold;french;Gold;;spanish;;;;;;;;;x;;;;
silver;Silver;french;Silber;;spanish;;;;;;;;;x;;;;
gems;Gems;french;Edelsteine;;spanish;;;;;;;;;x;;;;
amber;Amber;french;Bernstein;;spanish;;;;;;;;;x;;;;
tin;Tin;french;Zinn;;spanish;;;;;;;;;x;;;;
copper;Copper;french;Kupfer;;spanish;;;;;;;;;x;;;;
marble;Marble;french;Marmor;;spanish;;;;;;;;;x;;;;
stone;Stone;french;Stein;;spanish;;;;;;;;;x;;;;
lime;Lime;french;Kalk;;spanish;;;;;;;;;x;;;;
clay;Clay;french;Ton;;spanish;;;;;;;;;x;;;;
charcoal;Charcoal;french;Holzkohle;;spanish;;;;;;;;;x;;;;
tar;Tar;french;Teer;;spanish;;;;;;;;;x;;;;
tyrian_purple;Tyrian Purple;french;Tyrisches Purpur;;spanish;;;;;;;;;x;;;;
papyrus;Papyrus;french;Papyrus;;spanish;;;;;;;;;x;;;;
flax;Flax;french;Flachs;;spanish;;;;;;;;;x;;;;
honey;Honey;french;Honig;;spanish;;;;;;;;;x;;;;
grapes;Grapes;french;Trauben;;spanish;;;;;;;;;x;;;;
olives;Olives;french;Oliven;;spanish;;;;;;;;;x;;;;
elephants;Elephants;french;Elefanten;;spanish;;;;;;;;;x;;;;
horses;Horses;french;Pferde;;spanish;;;;;;;;;x;;;;
rations;Rations;french;Rationen;;spanish;;;;;;;;;x;;;;
armors;Armors;french;Rüstungen;;spanish;;;;;;;;;x;;;;
arms;Arms;french;Waffen;;spanish;;;;;;;;;x;;;;
##########################################;;;;;;;;;x;;;;
# Country Tags and Adjectives#############;;;;;;;;;x;;;;
##########################################;;;;;;;;;x;;;;
PE2;Persia;french;Persien;;spanish;;;;;;;;;x;;;;
PE2_ADJ;Persian;french;Persisch;;spanish;;;;;;;;;x;;;;
GAE;Gaetuli;french;Gaetuli;;spanish;;;;;;;;;x;;;;
GAE_ADJ;Gaetulian;french;Gaetulisch;;spanish;;;;;;;;;x;;;;
CH2;Chios;french;Chios;;spanish;;;;;;;;;x;;;;
CH2_ADJ;Chian;french;Chiosisch;;spanish;;;;;;;;;x;;;;
MYT;Mytilene;french;Mytilene;;spanish;;;;;;;;;x;;;;
MYT_ADJ;Mytilenian;french;Mytileneisch;;spanish;;;;;;;;;x;;;;
COR;Corinth;french;Korinth;;spanish;;;;;;;;;x;;;;
COR_ADJ;Corinthian;french;Korinthisch;;spanish;;;;;;;;;x;;;;
ATH;Athens;french;Athen;;spanish;;;;;;;;;x;;;;
ATH_ADJ;Athenian;french;Athenisch;;spanish;;;;;;;;;x;;;;
EUB;Eubea;french;Eubea;;spanish;;;;;;;;;x;;;;
EUB_ADJ;Eubean;french;Eubeanisch;;spanish;;;;;;;;;x;;;;
THE;Thebes;french;Theben;;spanish;;;;;;;;;x;;;;
THE_ADJ;Theban;french;Thebenisch;;spanish;;;;;;;;;x;;;;
DEL;Delphos;french;Delphi;;spanish;;;;;;;;;x;;;;
DEL_ADJ;Delphian;french;Delphiisch;;spanish;;;;;;;;;x;;;;
APO;Apollonia;french;Apollonia;;spanish;;;;;;;;;x;;;;
APO_ADJ;Apollonian;french;Apollonianisch;;spanish;;;;;;;;;x;;;;
TYR;Tyras;french;Tyris;;spanish;;;;;;;;;x;;;;
TYR_ADJ;Tyran;french;Tyrisisch;;spanish;;;;;;;;;x;;;;
MES;Messana;french;Messana;;spanish;;;;;;;;;x;;;;
MES_ADJ;Messanian;french;Messanaisch;;spanish;;;;;;;;;x;;;;
HIP;Hipponion;french;Hipponion;;spanish;;;;;;;;;x;;;;
HIP_ADJ;Hipponian;french;Hipponionisch;;spanish;;;;;;;;;x;;;;
THU;Thurii;french;Thurii;;spanish;;;;;;;;;x;;;;
THU_ADJ;Thurian;french;Thurisch;;spanish;;;;;;;;;x;;;;
TAR;Tarento;french;Tarent;;spanish;;;;;;;;;x;;;;
TAR_ADJ;Tarentian;french;Tarentisch;;spanish;;;;;;;;;x;;;;
LCC;Lucania;french;Lukanien;;spanish;;;;;;;;;x;;;;
LCC_ADJ;Lucanian;french;Lukanisch;;spanish;;;;;;;;;x;;;;
BAR;Barium;french;Bari;;spanish;;;;;;;;;x;;;;
BAR_ADJ;Barian;french;Barisch;;spanish;;;;;;;;;x;;;;
ELE;Elea;french;Elea;;spanish;;;;;;;;;x;;;;
ELE_ADJ;Elean;french;Eleanisch;;spanish;;;;;;;;;x;;;;
NEA;Neapolis;french;Neapolis;;spanish;;;;;;;;;x;;;;
NEA_ADJ;Neapolian;french;Neapolitanisch;;spanish;;;;;;;;;x;;;;
TU1;Turdetani;french;Turdetani;;spanish;;;;;;;;;x;;;;
TU1_ADJ;Turdetanian;french;Turdetanisch;;spanish;;;;;;;;;x;;;;
CEL;Celtici;french;Celtici;;spanish;;;;;;;;;x;;;;
CEL_ADJ;Celtician;french;Celticiisch;;spanish;;;;;;;;;x;;;;
ARE;Aretani;french;Aretani;;spanish;;;;;;;;;x;;;;
ARE_ADJ;Aretanian;french;Aretanisch;;spanish;;;;;;;;;x;;;;
EDE;Edetani;french;Edetani;;spanish;;;;;;;;;x;;;;
EDE_ADJ;Edetanian;french;Edetanisch;;spanish;;;;;;;;;x;;;;
SAG;Saguntum;french;Saguntum;;spanish;;;;;;;;;x;;;;
SAG_ADJ;Saguntiam;french;Saguntumisch;;spanish;;;;;;;;;x;;;;
CES;Cesetani;french;Cesetani;;spanish;;;;;;;;;x;;;;
CES_ADJ;Cesetanian;french;Cesetanisch;;spanish;;;;;;;;;x;;;;
GAL;Gallaeci;french;Gallaeci;;spanish;;;;;;;;;x;;;;
GAL_ADJ;Gallaecian;french;Gallaeciisch;;spanish;;;;;;;;;x;;;;
EMP;Emporion;french;Emporion;;spanish;;;;;;;;;x;;;;
EMP_ADJ;Emporian;french;Emporisch;;spanish;;;;;;;;;x;;;;
VCC;Vascones;french;Vascones;;spanish;;;;;;;;;x;;;;
VCC_ADJ;Vasconian;french;Vasconisch;;spanish;;;;;;;;;x;;;;
VIV;Vivisci;french;Vivisci;;spanish;;;;;;;;;x;;;;
VIV_ADJ;Viviscian;french;Viviscisch;;spanish;;;;;;;;;x;;;;
AGA;Agatha;french;Agatha;;spanish;;;;;;;;;x;;;;
AGA_ADJ;Agathian;french;Agathisch;;spanish;;;;;;;;;x;;;;
OLB;Olbia;french;Olbia;;spanish;;;;;;;;;x;;;;
OLB_ADJ;Olbian;french;Olbisch;;spanish;;;;;;;;;x;;;;
ANT;Antipolis;french;Antipolis;;spanish;;;;;;;;;x;;;;
ANT_ADJ;Antipolian;french;Antipolitanisch;;spanish;;;;;;;;;x;;;;
LIG;Liguria;french;Ligurien;;spanish;;;;;;;;;x;;;;
LIG_ADJ;Ligurian;french;Ligurisch;;spanish;;;;;;;;;x;;;;
INS;Insubres;french;Insubres;;spanish;;;;;;;;;x;;;;
INS_ADJ;Insubrian;french;Insubrisch;;spanish;;;;;;;;;x;;;;
VNN;Veneti;french;Veneter;;spanish;;;;;;;;;x;;;;
VNN_ADJ;Venetian;french;Venetisch;;spanish;;;;;;;;;x;;;;
RAE;Raeti;french;Raeti;;spanish;;;;;;;;;x;;;;
RAE_ADJ;Raetian;french;Raetisch;;spanish;;;;;;;;;x;;;;
BEE;Breuci;french;Breuci;;spanish;;;;;;;;;x;;;;
BEE_ADJ;Breucian;french;Breucisch;;spanish;;;;;;;;;x;;;;
DAO;Daorsi;french;Daorsi;;spanish;;;;;;;;;x;;;;
DAO_ADJ;Daorsian;french;Daorsisch;;spanish;;;;;;;;;x;;;;
SCR;Scordisci;french;Scordisci;;spanish;;;;;;;;;x;;;;
SCR_ADJ;Scordiscian;french;Scordiscisch;;spanish;;;;;;;;;x;;;;
GET;Getae;french;Getae;;spanish;;;;;;;;;x;;;;
GET_ADJ;Getaeni;french;Getaeisch;;spanish;;;;;;;;;x;;;;
ERA;Eravisci;french;Eravisci;;spanish;;;;;;;;;x;;;;
ERA_ADJ;Eraviscian;french;Eraviscisch;;spanish;;;;;;;;;x;;;;
CTI;Catiarioi;french;Catiarioi;;spanish;;;;;;;;;x;;;;
CTI_ADJ;Catiarioian;french;Catiarioisch;;spanish;;;;;;;;;x;;;;
BIE;Biesci;french;Biesci;;spanish;;;;;;;;;x;;;;
BIE_ADJ;Biescian;french;Biescisch;;spanish;;;;;;;;;x;;;;
BOI;Boii;french;Boii;;spanish;;;;;;;;;x;;;;
BOI_ADJ;Boiian;french;Boiinisch;;spanish;;;;;;;;;x;;;;
MAR;Marcomani;french;Marcomani;;spanish;;;;;;;;;x;;;;
MAR_ADJ;Marcomanian;french;Markomannisch;;spanish;;;;;;;;;x;;;;
CHR;Cherusci;french;Cherusci;;spanish;;;;;;;;;x;;;;
CHR_ADJ;Cheruscian;french;Cheruskisch;;spanish;;;;;;;;;x;;;;
FRS;Frisii;french;Frisii;;spanish;;;;;;;;;x;;;;
FRS_ADJ;Frisian;french;Friesisch;;spanish;;;;;;;;;x;;;;
BLG;Belgae;french;Belgae;;spanish;;;;;;;;;x;;;;
BLG_ADJ;Belgan;french;Belgisch;;spanish;;;;;;;;;x;;;;
VOL;Volcae;french;Volcae;;spanish;;;;;;;;;x;;;;
VOL_ADJ;Volcish;french;Volcisch;;spanish;;;;;;;;;x;;;;
NAM;Namnetes;french;Namnetes;;spanish;;;;;;;;;x;;;;
NAM_ADJ;Namnetian;french;Namnetisch;;spanish;;;;;;;;;x;;;;
CAE;Caeni;french;Caeni;;spanish;;;;;;;;;x;;;;
CAE_ADJ;Caenian;french;Caenisch;;spanish;;;;;;;;;x;;;;
DUM;Dumnovices;french;Dumnovices;;spanish;;;;;;;;;x;;;;
DUM_ADJ;Dumnovician;french;Dumnovicisch;;spanish;;;;;;;;;x;;;;
ACH;Achaean League;french;Achäische Liga;;spanish;;;;;;;;;x;;;;
AED;Aedui;french;Aedui;;spanish;;;;;;;;;x;;;;
AET;Aetolian League;french;Ätolische Liga;;spanish;;;;;;;;;x;;;;
ARV;Averni;french;Averni;;spanish;;;;;;;;;x;;;;
ATR;Atrebates;french;Atrebates;;spanish;;;;;;;;;x;;;;
AUL;Aulerci;french;Aulerci;;spanish;;;;;;;;;x;;;;
BIT;Bithynia;french;Bithynien;;spanish;;;;;;;;;x;;;;
BO2;Bosporus;french;Bosporus;;spanish;;;;;;;;;x;;;;
CA2;Cantabri;french;Cantabri;;spanish;;;;;;;;;x;;;;
CAR;Carthage;french;Karthago;;spanish;;;;;;;;;x;;;;
CA1;Catuvellauni;french;Catuvellauni;;spanish;;;;;;;;;x;;;;
CLS;Colchis;french;Colchis;;spanish;;;;;;;;;x;;;;
CRN;Carnutes;french;Carnutes;;spanish;;;;;;;;;x;;;;
CRT;Crete;Crète;Kreta;;Creta;;;;;;;;;x;;;;
DAC;Dacia;french;Dacia;;spanish;;;;;;;;;x;;;;
EBU;Eburones;french;Eburones;;spanish;;;;;;;;;x;;;;
EPI;Epirus;french;Epirus;;spanish;;;;;;;;;x;;;;
ETR;Etruscan League;french;Etruskische Liga;;spanish;;;;;;;;;x;;;;
HLV;Helvetii;french;Helvetii;;spanish;;;;;;;;;x;;;;
IBR;Iberia;french;Iberia;;spanish;;;;;;;;;x;;;;
ILY;Illyria;french;Illyria;;spanish;;;;;;;;;x;;;;
LEM;Lemovices;french;Lemovices;;spanish;;;;;;;;;x;;;;
LUS;Lusitani;french;Lusitani;;spanish;;;;;;;;;x;;;;
MAC;Macedonia;french;Mazedonien;;spanish;;;;;;;;;x;;;;
MAG;Magna Graecia;french;Magna Graecia;;spanish;;;;;;;;;x;;;;
MAS;Massilia;french;Massilia;;spanish;;;;;;;;;x;;;;
NRV;Nervii;french;Nervii;;spanish;;;;;;;;;x;;;;
NUM;Numidia;french;Numidien;;spanish;;;;;;;;;x;;;;
PON;Pontus;french;Pontus;;spanish;;;;;;;;;x;;;;
PRS;Parisii;french;Parisii;;spanish;;;;;;;;;x;;;;
REB;Rebels;Rebelles;Partisanen;;Rebeldes;;;;;;;;;x;;;;
RHS;Rhodes;french;Rhodos;;spanish;;;;;;;;;x;;;;
RHX;Rhoxolani;french;Rhoxolani;;spanish;;;;;;;;;x;;;;
RME;Rome;Rome;Rom;;Roma;;;;;;;;;x;;;;
SAM;Samnium;french;Samnium;;spanish;;;;;;;;;x;;;;
SEL;Seleucid Empire;french;Seleucid Empire;;spanish;;;;;;;;;x;;;;
SEQ;Sequani;french;Sequani;;spanish;;;;;;;;;x;;;;
SIL;Siluri;french;Siluri;;spanish;;;;;;;;;x;;;;
SP1;Sparta;french;Sparta;;spanish;;;;;;;;;x;;;;
SUE;Suebi;french;Suebi;;spanish;;;;;;;;;x;;;;
SYC;Syracusae;french;Syrakus;;spanish;;;;;;;;;x;;;;
TYL;Odrysian kingdom;french;german;;spanish;;;;;;;;;x;;;;
VAC;Vaccaei;french;Vaccaei;;spanish;;;;;;;;;x;;;;
ICE;Iceni;french;Iceni;;spanish;;;;;;;;;x;;;;
ICE_ADJ;Icenian;french;Icenisch;;spanish;;;;;;;;;x;;;;
BRI;Brigantes;french;Brigantes;;spanish;;;;;;;;;x;;;;
BRI_ADJ;Brigantian;french;Brigantisch;;spanish;;;;;;;;;x;;;;
EBD;Ebdani;french;Ebdani;;spanish;;;;;;;;;x;;;;
EBD_ADJ;Ebdanian;french;Ebdanisch;;spanish;;;;;;;;;x;;;;
CIM;Cimbrii;french;german;;spanish;;;;;;;;;x;;;;
CIM_ADJ;Cimbrian;french;german;;spanish;;;;;;;;;x;;;;
RUG;Rugii;french;german;;spanish;;;;;;;;;x;;;;
RUG_ADJ;Rugish;french;german;;spanish;;;;;;;;;x;;;;
GAT;Gaeti;french;german;;spanish;;;;;;;;;x;;;;
GAT_ADJ;Gaetian;french;german;;spanish;;;;;;;;;x;;;;
NO1;Norsi;french;german;;spanish;;;;;;;;;x;;;;
NO1_ADJ;Norse;french;german;;spanish;;;;;;;;;x;;;;
SWA;Swagi;french;german;;spanish;;;;;;;;;x;;;;
SWA_ADJ;Swagish;french;german;;spanish;;;;;;;;;x;;;;
SAP;Sapmi;french;german;;spanish;;;;;;;;;x;;;;
SAP_ADJ;Sapmish;french;german;;spanish;;;;;;;;;x;;;;
FI1;Finii;french;german;;spanish;;;;;;;;;x;;;;
FI1_ADJ;Finnish;french;german;;spanish;;;;;;;;;x;;;;
KAR;Karelii;french;german;;spanish;;;;;;;;;x;;;;
KAR_ADJ;Karelian;french;german;;spanish;;;;;;;;;x;;;;
LUG;Lugii;french;german;;spanish;;;;;;;;;x;;;;
LUG_ADJ;Lugish;french;german;;spanish;;;;;;;;;x;;;;
GUT;Gutii;french;german;;spanish;;;;;;;;;x;;;;
GUT_ADJ;Gutish;french;german;;spanish;;;;;;;;;x;;;;
ANA;Anartii;french;german;;spanish;;;;;;;;;x;;;;
ANA_ADJ;Anartian;french;german;;spanish;;;;;;;;;x;;;;
PR1;Prusii;french;german;;spanish;;;;;;;;;x;;;;
PR1_ADJ;Prusian;french;german;;spanish;;;;;;;;;x;;;;
BUD;Budini;french;german;;spanish;;;;;;;;;x;;;;
BUD_ADJ;Budinian;french;german;;spanish;;;;;;;;;x;;;;
SLA;Slavii;french;german;;spanish;;;;;;;;;x;;;;
SLA_ADJ;Slavish;french;german;;spanish;;;;;;;;;x;;;;
VIS;Vistulae;french;german;;spanish;;;;;;;;;x;;;;
VIS_ADJ;Vistulish;french;german;;spanish;;;;;;;;;x;;;;
LI1;Lituanii;french;german;;spanish;;;;;;;;;x;;;;
LI1_ADJ;Lituanian;french;german;;spanish;;;;;;;;;x;;;;
BA1;Balticii;french;german;;spanish;;;;;;;;;x;;;;
BA1_ADJ;Baltish;french;german;;spanish;;;;;;;;;x;;;;
ING;Ingrii;french;german;;spanish;;;;;;;;;x;;;;
ING_ADJ;Ingrian;french;german;;spanish;;;;;;;;;x;;;;
SAB;Sambovii;french;german;;spanish;;;;;;;;;x;;;;
SAB_ADJ;Sambovian;french;german;;spanish;;;;;;;;;x;;;;
SCI;Scirrii;french;german;;spanish;;;;;;;;;x;;;;
SCI_ADJ;Scirrian;french;german;;spanish;;;;;;;;;x;;;;
SCY;Scytae;french;german;;spanish;;;;;;;;;x;;;;
SCY_ADJ;Scythian;french;german;;spanish;;;;;;;;;x;;;;
SA1;Sarmatae;french;german;;spanish;;;;;;;;;x;;;;
SA1_ADJ;Sarmatian;french;german;;spanish;;;;;;;;;x;;;;
SAK;Sakae;french;german;;spanish;;;;;;;;;x;;;;
SAK_ADJ;Sakean;french;german;;spanish;;;;;;;;;x;;;;
MER;Meroe;french;german;;spanish;;;;;;;;;x;;;;
MER_ADJ;Meroean;french;german;;spanish;;;;;;;;;x;;;;
BLE;Blemmyes;french;german;;spanish;;;;;;;;;x;;;;
BLE_ADJ;Blemmeyish;french;german;;spanish;;;;;;;;;x;;;;
DAT;Damot;french;german;;spanish;;;;;;;;;x;;;;
DAT_ADJ;Damotian;french;german;;spanish;;;;;;;;;x;;;;
AXU;Axum;french;german;;spanish;;;;;;;;;x;;;;
AXU_ADJ;Axumish;french;german;;spanish;;;;;;;;;x;;;;
AOR;Aorsoi;french;german;;spanish;;;;;;;;;x;;;;
AOR_ADJ;Aorsoish;french;german;;spanish;;;;;;;;;x;;;;
ACH_ADJ;Achaean;french;Achäisch;;spanish;;;;;;;;;x;;;;
AED_ADJ;Aeduin;french;Aeduin;;spanish;;;;;;;;;x;;;;
AET_ADJ;Aetolian;french;Ätolisch;;spanish;;;;;;;;;x;;;;
ARV_ADJ;Avernian;french;Averniisch;;spanish;;;;;;;;;x;;;;
ATR_ADJ;Atrebatian;french;Atrebatisch;;spanish;;;;;;;;;x;;;;
AUL_ADJ;Aulercian;french;Aulerciisch;;spanish;;;;;;;;;x;;;;
BIT_ADJ;Bithynian;french;Bithynisch;;spanish;;;;;;;;;x;;;;
BO2_ADJ;Bosporusian;french;Bosporusisch;;spanish;;;;;;;;;x;;;;
CA2_ADJ;Cantabrian;french;Cantabrisch;;spanish;;;;;;;;;x;;;;
CAR_ADJ;Carthaginian;french;Karthagisch;;spanish;;;;;;;;;x;;;;
CA1_ADJ;Catuvellauni;french;Catuvellauni;;spanish;;;;;;;;;x;;;;
CLS_ADJ;Colchis;french;Colchis;;spanish;;;;;;;;;x;;;;
CRN_ADJ;Carnutes;french;Carnutes;;spanish;;;;;;;;;x;;;;
CRT_ADJ;Cretian;french;Kretisch;;spanish;;;;;;;;;x;;;;
DAC_ADJ;Dacia;french;Dacia;;spanish;;;;;;;;;x;;;;
EBU_ADJ;Eburones;french;Eburones;;spanish;;;;;;;;;x;;;;
EPI_ADJ;Epirusian;french;Epirusisch;;spanish;;;;;;;;;x;;;;
ETR_ADJ;Etruscan;french;Etruskisch;;spanish;;;;;;;;;x;;;;
HLV_ADJ;Helvetii;french;Helvetii;;spanish;;;;;;;;;x;;;;
IBR_ADJ;Iberia;french;Iberia;;spanish;;;;;;;;;x;;;;
ILY_ADJ;Illyrian;french;Illyrisch;;spanish;;;;;;;;;x;;;;
LEM_ADJ;Lemovices;french;Lemovices;;spanish;;;;;;;;;x;;;;
LUS_ADJ;Lusitanian;french;Lusitanisch;;spanish;;;;;;;;;x;;;;
MAC_ADJ;Macedonian;french;Mazedonisch;;spanish;;;;;;;;;x;;;;
MAG_ADJ;Magna Graecian;french;Magna Graecianisch;;spanish;;;;;;;;;x;;;;
MAS_ADJ;Massilian;french;Massilianisch;;spanish;;;;;;;;;x;;;;
NRV_ADJ;Nervii;french;Nervii;;spanish;;;;;;;;;x;;;;
NUM_ADJ;Numidian;french;Numidisch;;spanish;;;;;;;;;x;;;;
PIC;Pictii;french;Pictii;;spanish;;;;;;;;;x;;;;
PON_ADJ;Pontian;french;Pontisch;;spanish;;;;;;;;;x;;;;
PRS_ADJ;Parisii;french;Parisii;;spanish;;;;;;;;;x;;;;
REB_ADJ;Rebel;Rebelle;Rebellisch;;Partisanos;;;;;;;;;x;;;;
RHS_ADJ;Rhodesian;french;Rhodosisch;;spanish;;;;;;;;;x;;;;
RHX_ADJ;Rhoxolanian;french;Rhoxolanisch;;spanish;;;;;;;;;x;;;;
RME_ADJ;Roman;french;Römisch;;spanish;;;;;;;;;x;;;;
SAM_ADJ;Samnite;french;Samnitisch;;spanish;;;;;;;;;x;;;;
SEL_ADJ;Seleucid Empire;french;Seleucid Empire;;spanish;;;;;;;;;x;;;;
SEQ_ADJ;Sequani;french;Sequani;;spanish;;;;;;;;;x;;;;
SIL_ADJ;Siluri;french;Siluri;;spanish;;;;;;;;;x;;;;
SP1_ADJ;Spartan;french;Spartanisch;;spanish;;;;;;;;;x;;;;
SUE_ADJ;Suebi;french;Suebi;;spanish;;;;;;;;;x;;;;
SYC_ADJ;Syracuse;french;Syrakusisch;;spanish;;;;;;;;;x;;;;
TYL_ADJ;Odrysian;french;german;;spanish;;;;;;;;;x;;;;
VAC_ADJ;Vaccaeian;french;Vaccaeisch;;spanish;;;;;;;;;x;;;;
GAU;Gallia;french;Gallien;;spanish;;;;;;;;;x;;;;
GAU_ADJ;Gallian;french;Gallisch;;spanish;;;;;;;;;x;;;;
SUR;Surashtra;french;german;;spanish;;;;;;;;;x;;;;
SUR_ADJ;Surashtrian;french;german;;spanish;;;;;;;;;x;;;;
NIS;Nishada;french;german;;spanish;;;;;;;;;x;;;;
NIS_ADJ;Nishadean;french;german;;spanish;;;;;;;;;x;;;;
MAT;Matsya;french;german;;spanish;;;;;;;;;x;;;;
MAT_ADJ;Matyan;french;german;;spanish;;;;;;;;;x;;;;
NAN;Nanda Dynasty;french;german;;spanish;;;;;;;;;x;;;;
NAN_ADJ;Nandian;french;german;;spanish;;;;;;;;;x;;;;
ASS;Assaka;french;german;;spanish;;;;;;;;;x;;;;
ASS_ADJ;Assakian;french;german;;spanish;;;;;;;;;x;;;;
ASH;Ashmaka;french;german;;spanish;;;;;;;;;x;;;;
ASH_ADJ;Ashmakian;french;german;;spanish;;;;;;;;;x;;;;
KOS;Kosala;french;german;;spanish;;;;;;;;;x;;;;
KOS_ADJ;Kosalian;french;german;;spanish;;;;;;;;;x;;;;
KA1;Kalinga;french;german;;spanish;;;;;;;;;x;;;;
KA1_ADJ;Kalingan;french;german;;spanish;;;;;;;;;x;;;;
GOM;Gomantia;french;german;;spanish;;;;;;;;;x;;;;
GOM_ADJ;Gomantian;french;german;;spanish;;;;;;;;;x;;;;
KIS;Kishkindha;french;german;;spanish;;;;;;;;;x;;;;
KIS_ADJ;Kishkindhan;french;german;;spanish;;;;;;;;;x;;;;
AN1;Andhras;french;german;;spanish;;;;;;;;;x;;;;
AN1_ADJ;Andhrasian;french;german;;spanish;;;;;;;;;x;;;;
DRA;Dravida;french;german;;spanish;;;;;;;;;x;;;;
DRA_ADJ;Dravidian;french;german;;spanish;;;;;;;;;x;;;;
MUS;Mushika;french;german;;spanish;;;;;;;;;x;;;;
MUS_ADJ;Mushikan;french;german;;spanish;;;;;;;;;x;;;;
CH1;Cheras;french;german;;spanish;;;;;;;;;x;;;;
CH1_ADJ;Cherian;french;german;;spanish;;;;;;;;;x;;;;
PA1;Pandyas;french;german;;spanish;;;;;;;;;x;;;;
PA1_ADJ;Pandyan;french;german;;spanish;;;;;;;;;x;;;;
ANU;Anuradhapuras;french;german;;spanish;;;;;;;;;x;;;;
ANU_ADJ;Anuradhapurian;french;german;;spanish;;;;;;;;;x;;;;
CHO;Cholas;french;german;;spanish;;;;;;;;;x;;;;
CHO_ADJ;Cholian;french;german;;spanish;;;;;;;;;x;;;;
GAN;Gangaridai;french;german;;spanish;;;;;;;;;x;;;;
GAN_ADJ;Gangaridaian;french;german;;spanish;;;;;;;;;x;;;;
KAM;Kamarupa;french;german;;spanish;;;;;;;;;x;;;;
KAM_ADJ;Kamarupish;french;german;;spanish;;;;;;;;;x;;;;
DAN;Danywhabi;french;german;;spanish;;;;;;;;;x;;;;
DAN_ADJ;Danywhabian;french;german;;spanish;;;;;;;;;x;;;;
PYU;Pyu Peoples;french;german;;spanish;;;;;;;;;x;;;;
PYU_ADJ;Pyu;french;german;;spanish;;;;;;;;;x;;;;
BU1;Burmese People;french;german;;spanish;;;;;;;;;x;;;;
BU1_ADJ;Burmese;french;german;;spanish;;;;;;;;;x;;;;
MO1;Mon Peoples;french;german;;spanish;;;;;;;;;x;;;;
MO1_ADJ;Mon;french;german;;spanish;;;;;;;;;x;;;;
SAH;Sa Huynh;french;german;;spanish;;;;;;;;;x;;;;
SAH_ADJ;Sa Huynh;french;german;;spanish;;;;;;;;;x;;;;
DO1;Dong Son;french;german;;spanish;;;;;;;;;x;;;;
DO1_ADJ;Dong son;french;german;;spanish;;;;;;;;;x;;;;
KHM;Khmer Peoples;french;german;;spanish;;;;;;;;;x;;;;
KHM_ADJ;Khmer;french;german;;spanish;;;;;;;;;x;;;;
VAN;Van Lang;french;german;;spanish;;;;;;;;;x;;;;
VAN_ADJ;Van Langian;french;german;;spanish;;;;;;;;;x;;;;
YUE;Yue;french;german;;spanish;;;;;;;;;x;;;;
YUE_ADJ;Yue;french;german;;spanish;;;;;;;;;x;;;;
DIA;Dian;french;german;;spanish;;;;;;;;;x;;;;
DIA_ADJ;Dian;french;german;;spanish;;;;;;;;;x;;;;
YEL;Yelang;french;german;;spanish;;;;;;;;;x;;;;
YEL_ADJ;Yelang;french;german;;spanish;;;;;;;;;x;;;;
CHU;Chu;french;german;;spanish;;;;;;;;;x;;;;
CHU_ADJ;Chu;french;german;;spanish;;;;;;;;;x;;;;
QI1;QI;french;german;;spanish;;;;;;;;;x;;;;
QI1_ADJ;Qi;french;german;;spanish;;;;;;;;;x;;;;
YAN;Yan;french;german;;spanish;;;;;;;;;x;;;;
YAN_ADJ;Yan;french;german;;spanish;;;;;;;;;x;;;;
WE1;Wei;french;german;;spanish;;;;;;;;;x;;;;
WE1_ADJ;Wei;french;german;;spanish;;;;;;;;;x;;;;
QIN;Qin;french;german;;spanish;;;;;;;;;x;;;;
QIN_ADJ;Qin;french;german;;spanish;;;;;;;;;x;;;;
ZHA;Zhao;french;german;;spanish;;;;;;;;;x;;;;
ZHA_ADJ;Zhao;french;german;;spanish;;;;;;;;;x;;;;
XIO;Xiongnu Tribes;french;german;;spanish;;;;;;;;;x;;;;
XIO_ADJ;Xiongnu;french;german;;spanish;;;;;;;;;x;;;;
CHG;Chiang;french;german;;spanish;;;;;;;;;x;;;;
CHG_ADJ;Chiang;french;german;;spanish;;;;;;;;;x;;;;
TOC;Tocharians;french;german;;spanish;;;;;;;;;x;;;;
TOC_ADJ;Tocharian;french;german;;spanish;;;;;;;;;x;;;;
KA2;Kashmir;french;german;;spanish;;;;;;;;;x;;;;
KA2_ADJ;Kashmirian;french;german;;spanish;;;;;;;;;x;;;;
YUZ;Yuezhi;french;german;;spanish;;;;;;;;;x;;;;
YUZ_ADJ;Yuezhi;french;german;;spanish;;;;;;;;;x;;;;
ASP;Aspisi;french;german;;spanish;;;;;;;;;x;;;;
ASP_ADJ;Aspisian;french;german;;spanish;;;;;;;;;x;;;;
TU2;Tungusic Peoples;french;german;;spanish;;;;;;;;;x;;;;
TU2_ADJ;Tungusic;french;german;;spanish;;;;;;;;;x;;;;
DON;Donghu Tribes;french;german;;spanish;;;;;;;;;x;;;;
DON_ADJ;Donghu;french;german;;spanish;;;;;;;;;x;;;;
SUS;Sushen;french;german;;spanish;;;;;;;;;x;;;;
SUS_ADJ;Sushen;french;german;;spanish;;;;;;;;;x;;;;
GOJ;Gojoseon;french;german;;spanish;;;;;;;;;x;;;;
GOJ_ADJ;Gojoseon;french;german;;spanish;;;;;;;;;x;;;;
JIN;Jin;french;german;;spanish;;;;;;;;;x;;;;
JIN_ADJ;Jin;french;german;;spanish;;;;;;;;;x;;;;
HA1;Han;french;german;;spanish;;;;;;;;;x;;;;
HA1_ADJ;Han;french;german;;spanish;;;;;;;;;x;;;;
BI1;Bi;french;german;;spanish;;;;;;;;;x;;;;
BI1_ADJ;Bi;french;german;;spanish;;;;;;;;;x;;;;
BO1;Bo;french;german;;spanish;;;;;;;;;x;;;;
BO1_ADJ;Bo;french;german;;spanish;;;;;;;;;x;;;;
##########################################;;;;;;;;;x;;;;
# Cultures ###############################;;;;;;;;;x;;;;
##########################################;;;;;;;;;x;;;;
barbaric;Barbaric;french;Barbarisch;;spanish;;;;;;;;;x;;;;
unknown_tribes;Unknown Tribes;french;Unbekannte Stämme;;spanish;;;;;;;;;x;;;;
germanian_tribes;Germanian Tribes;french;Germanische Stämme;;spanish;;;;;;;;;x;;;;
celtic_tribes;Celtic Tribes;french;Keltische Stämme;;spanish;;;;;;;;;x;;;;
iberian_tribes;Iberian Tribes;french;Iberische Stämme;;spanish;;;;;;;;;x;;;;
italian_tribes;Italian Tribes;french;Italienische Stämme;;spanish;;;;;;;;;x;;;;
bactrian;Bactrian;french;Baktrisch;;spanish;;;;;;;;;x;;;;
gedrosian;Gedrosian;french;Gedrosisch;;spanish;;;;;;;;;x;;;;
lydian;Lydian;french;Lydianisch;;spanish;;;;;;;;;x;;;;
galatian;Galatian;french;Galatisch;;spanish;;;;;;;;;x;;;;
bithynian;Bithynian;french;Bithynisch;;spanish;;;;;;;;;x;;;;
arab;Arab;french;Arabisch;;spanish;;;;;;;;;x;;;;
sardian;Sardian;french;Sardinisch;;spanish;;;;;;;;;x;;;;
italiotes;Italiotes;french;Italiotisch;;spanish;;;;;;;;;x;;;;
eburonish;Eburonish;french;Eburonisch;;spanish;;;;;;;;;x;;;;
suebish;Suebish;french;Suebisch;;spanish;;;;;;;;;x;;;;
vandalic;Vandalic;french;Vandalisch;;spanish;;;;;;;;;x;;;;
latin;Latin;french;Lateinisch;;spanish;;;;;;;;;x;;;;
roman;Roman;Romain;Römisch;;Romano;;;;;;;;;x;;;;
etruscan;Etruscan;french;Etruskisch;;spanish;;;;;;;;;x;;;;
osco_umbrian;Osco-Umbrian;french;Osco-Umbrisch;;spanish;;;;;;;;;x;;;;
messapic;Messapic;french;Messapisch;;spanish;;;;;;;;;x;;;;
venetic;Venetic;french;Venezianisch;;spanish;;;;;;;;;x;;;;
hellenic;Hellenic;french;Hellenisch;;spanish;;;;;;;;;x;;;;
macedonian;Macedonian;french;Mazedonisch;;spanish;;;;;;;;;x;;;;
north_african;North-African;french;Nordafrikanisch;;spanish;;;;;;;;;x;;;;
egyptian;Egyptian;french;Ägyptisch;;spanish;;;;;;;;;x;;;;
numidian;Numidian;Numidian;Numidisch;;Numidian;;;;;;;;;x;;;;
north_levantine;North-Levantine;french;Nordlevantisch;;spanish;;;;;;;;;x;;;;
carthagian;Carthagian;Carthagian;Karthagisch;;Carthagian;;;;;;;;;x;;;;
phoenician;Phoenician;french;Phönizisch;;spanish;;;;;;;;;x;;;;
south_levantine;South-Levantine;french;Südlevantisch;;spanish;;;;;;;;;x;;;;
nabatean;Nabatean;french;Nabatäisch;;spanish;;;;;;;;;x;;;;
persia;Persia;french;Persien;;spanish;;;;;;;;;x;;;;
parthian;Parthian;french;Parthisch;;spanish;;;;;;;;;x;;;;
median;Median;french;Medianisch;;spanish;;;;;;;;;x;;;;
ibero;Ibero;french;Iberoisch;;spanish;;;;;;;;;x;;;;
assyrian;Assyrian;french;Assyrisch;;spanish;;;;;;;;;x;;;;
pictish;Pictish;Pictish;Pictisch;;Pictish;;;;;;;;;x;;;;
scythia;Scythia;french;Scythien;;spanish;;;;;;;;;x;;;;
scythian;Scythian;french;Skythisch;;spanish;;;;;;;;;x;;;;
sarmatian;Sarmatian;french;Sarmatisch;;spanish;;;;;;;;;x;;;;
illyria;Illyria;french;Illyria;;spanish;;;;;;;;;x;;;;
illyrian;Illyrian;french;Illyrisch;;spanish;;;;;;;;;x;;;;
pannonian;Pannonian;french;Pannonisch;;spanish;;;;;;;;;x;;;;
thracia;Thracia;french;Thrakien;;spanish;;;;;;;;;x;;;;
thracian;Thracian;french;Thrakisch;;spanish;;;;;;;;;x;;;;
dacian;Dacian;french;Dakisch;;spanish;;;;;;;;;x;;;;
phrygian;Phrygian;french;Phrygisch;;spanisch;;;;;;;;;x;;;;
pisidian;Pisidian;french;Pisidian;;spanish;;;;;;;;;x;;;;
gallic;Gallic;french;Gallisch;;spanish;;;;;;;;;x;;;;
celtic;Celtic;french;Keltisch;;spanish;;;;;;;;;x;;;;
gallo_ligurian;Gallo-Ligurian;french;Gallo-Ligurisch;;spanish;;;;;;;;;x;;;;
iberia;Iberia;french;Iberien;;spanish;;;;;;;;;x;;;;
aquitanian;Aquitanian;french;Aquitanisch;;spanish;;;;;;;;;x;;;;
celt_iberian;Celt-Iberian;french;Kelto-Iberisch;;spanish;;;;;;;;;x;;;;
##########################################;;;;;;;;;x;;;;
# Religions ##############################;;;;;;;;;x;;;;
##########################################;;;;;;;;;x;;;;
unknown_gods;Unknown Gods;french;Unbekannte Götter;;spanish;;;;;;;;;x;;;;
animism;Animist;Animistes;Animistisch;;Animista;;;;;;;;;x;;;;
druidism;Druidism;french;Druidismus;;spanish;;;;;;;;;x;;;;
shamanism;Shamanism;french;Shamanismus;;spanish;;;;;;;;;x;;;;
egyptian_gods;Egyptian Gods;french;Ägyptische Götter;;spanish;;;;;;;;;x;;;;
carthagian_gods;Carthagian Gods;french;Karthagische Götter;;spanish;;;;;;;;;x;;;;
roman_gods;Roman Gods;french;Römische Götter;;spanish;;;;;;;;;x;;;;
germanic_gods;Germanic Gods;french;Germanische Götter;;spanish;;;;;;;;;x;;;;
greek_gods;Greek Gods;french;Griechische Götter;;spanish;;;;;;;;;x;;;;
phoenician_gods;Phoenician Gods;french;Phönizische Götter;;spanish;;;;;;;;;x;;;;
zoroastrianism;Zoroastrianism;french;Zoroastrismus;;spanish;;;;;;;;;x;;;;
buddhism;Buddhism;french;Buddhismus;;spanish;;;;;;;;;x;;;;
confucianism;Confucianism;french;Konfuzianismus;;spanish;;;;;;;;;x;;;;
##########################################;;;;;;;;;x;;;;
# Decisions ##############################;;;;;;;;;x;;;;
##########################################;;;;;;;;;x;;;;
build_the_colosseum_title;Build the Colosseum;french;Baut das Kolosseum;;spanish;;;;;;;;;x;;;;
build_the_colosseum_desc;Build the Colosseum;french;Das Kolosseum (antiker Name: Amphitheatrum Novum oder Amphitheatrum Flavium, italienisch: Colosseo) ist das größte der im antiken Rom erbauten Amphitheater, der größte geschlossene Bau der römischen Antike und weiterhin das größte je gebaute Amphitheater der Welt. Zwischen 72 und 80 n. Chr. erbaut, ist es heute eines der Wahrzeichen der Stadt und zugleich ein Zeugnis für die hochstehende Baukunst der alten Römer.;;spanish;;;;;;;;;x;;;;
build_hadrians_wall_title;Build Hadrians Wall;french;Baut Hadrians Wall;;spanish;;;;;;;;;x;;;;
build_hadrians_wall_desc;Build Hadrians Wall;french;Der Hadrianswall (antiker lateinischer Name möglicherweise vallum Aelium) war ein römisches Grenzbefestigungssystem, das zwischen Newcastle und Solway Firth, nahe der heutigen Grenze zwischen Schottland und England in Großbritannien, angelegt war. Er wurde zwischen 122 und 128 n. Chr. auf Anordnung Kaiser Hadrians (76–138) erbaut, nachdem dieser auch die nördlichen Grenzen im Rahmen seiner Inspektionsreise durch alle Provinzen des Reichs besucht hatte. Der Wall erstreckte sich auf einer Länge von rund 117,5 Kilometern, sollte den Grenzverkehr überwachen und Überfälle sowie die unkontrollierte Einwanderung schottischer und irischer Stämme auf das Gebiet der Provinz Britannia verhindern. In ihrem östlichen Teil bestand die Anlage aus einer bis zu 4,5 Meter hohen Steinmauer, im westlichen Teil aus einem Erdwall. Zu ihrer Absicherung wurden ein Grabensystem sowie 320 Türme, 17 Kastelle und 80 Tore errichtet. Ein fast identisches – wenn auch einfacher aufgebautes – Sicherungssystem, vermutlich bestehend aus bis zu 26 Kleinkastellen samt daran angeschlossenen Wach- und Signaltürmen, wurde an der Westküste der heutigen Grafschaft Cumbria als Flankenschutz angelegt.;;spanish;;;;;;;;;x;;;;
form_gaul_title;Form Gallia;french;Formt Gallien;;spanish;;;;;;;;;x;;;;
form_gaul_desc;All gallian tribes were conquered or in your sphere. Now, you could form a united celto-gallian nation.;french;Alle gallischen Stämme wurden erobert oder sind in eurer Einflussspäre. Jetzt könnt ihr eine vereinte keltisch-gallische Nation formen.;;spanish;;;;;;;;;x;;;;
inherit_all_title;;;;;;;;;x;;;;
inherit_all_desc;;;;;;;;;x;;;;
##########################################;;;;;;;;;x;;;;
# Event Modifier #########################;;;;;;;;;x;;;;
##########################################;;;;;;;;;x;;;;
the_colosseum;The Colosseum;french;Das Kolosseum;;spanish;;;;;;;;;x;;;;
ostia_harbour;Ostia - Harbour of Rome;french;Ostia - Hafen von Rom;;spanish;;;;;;;;;x;;;;
via_appia;Via Appia;Via Appia;Via Appia;;Via Appia;;;;;;;;;x;;;;
hadrians_wall;Hadrians Wall;french;Hadrians Wall;;spanish;;;;;;;;;x;;;;
enslavement_after_conquest;Enslavement after conquest;french;Versklavung nach der Eroberung;;spanish;;;;;;;;;x;;;;
has_siege;Has Siege;;;;;;;;;x;;;;
generalised_debt_default;Generalised Debt Default;;;;;;;;;x;;;;
debt_default_to;Debt Default to ;;;;;;;;;x;;;;
aristotle_alexander;Aristotle Alexander;;;;;;;;;x;;;;
sun_tzu;Sun Tzu;;;;;;;;;x;;;;
local_famine;Local Famine;;;;;;;;;x;;;;
local_famine_resc;Local Famine;;;;;;;;;x;;;;
famine;Famine;;;;;;;;;x;;;;
famine_desc;Famine;;;;;;;;;x;;;;
##########################################;;;;;;;;;x;;;;
# Events #################################;;;;;;;;;x;;;;
##########################################;;;;;;;;;x;;;;
EVTNAME100000;Eruption of Mount Vesuvius;french;Ausbruch des Vesuvs;;spanish;;;;;;;;;x;;;;
EVTDESC100000;The city of Pompeii was an ancient Roman town-city near modern Naples in the Italian region of Campania, in the territory of the comune of Pompei. Pompeii, along with Herculaneum and many villas in the surrounding area, was mostly destroyed and buried under 4 to 6 m (13 to 20 ft) of ash and pumice in the eruption of Mount Vesuvius in 79 AD.;french;Pompeji (lateinisch Pompeii) war eine antike Stadt in Kampanien, am Golf von Neapel gelegen, die wie Herculaneum, Stabiae und Oplontis beim Ausbruch des Vesuvs im Jahr 79 n. Chr. untergegangen ist.;;spanish;;;;;;;;;x;;;;
EVTOPTA100000;It's a Disaster;french;Was für ein Desaster;;spanish;;;;;;;;;x;;;;
EVTNAME100250;Civil Tribal Council;french;Ziviler Stammesrat;;spanish;;;;;;;;;x;;;;
EVTDESC100250;Your Tribe has now a civil tribal council. The council shall be manned with the wisest members of the tribe.;french;Dein Stamm hat nun einen zivilen Stammesrat. Der Rat soll aus den weisesten Mitgliedern des Stammes besetzt werden;;spanish;;;;;;;;;x;;;;
EVTOPTA100250;Like the not so old greeks...;french;Wie die noch nicht so alten Griechen...;;spanish;;;;;;;;;x;;;;
EVTNAME100251;Trader Tribal Council;french;Händlerstammesrat;;spanish;;;;;;;;;x;;;;
EVTDESC100251;Your Tribe has now a tribal council out of traders. The council is manned with the richest and most sucessful traders of the tribe.;french;Dein Stamm hat nun einen Stammesrat aus Händlern. Der Rat besteht aus den reichsten und erfolgreichsten Händlern des Stammes.;;spanish;;;;;;;;;x;;;;
EVTOPTA100251;Wealth leads us into the future;french;Wohlstand führt uns in die Zukunft;;spanish;;;;;;;;;x;;;;
EVTNAME100252;Warrior Tribal Council;french;Kriegerstammesrat;;spanish;;;;;;;;;x;;;;
EVTDESC100252;Your Tribe has now a tribal council out of warriors. The council is manned with the strongest warriors and military leaders of the tribe.;french;Dein Stamm hat nun einen Stammesrat aus Kriegern. Der Rat besteht aus den stärksten Kriegern und militärischen Anführern des Stammes.;;spanish;;;;;;;;;x;;;;
EVTOPTA100252;Just the strongest will rule the world;french;Nur die Stärksten werden die Welt beherrschen;;spanish;;;;;;;;;x;;;;
EVTNAME100253;english;french;german;;spanish;;;;;;;;;x;;;;
EVTDESC100253;english;french;german;;spanish;;;;;;;;;x;;;;
EVTOPTA100253;english;french;german;;spanish;;;;;;;;;x;;;;
EVTNAME100254;english;french;german;;spanish;;;;;;;;;x;;;;
EVTDESC100254;english;french;german;;spanish;;;;;;;;;x;;;;
EVTOPTA100254;english;french;german;;spanish;;;;;;;;;x;;;;
EVTNAME100255;english;french;german;;spanish;;;;;;;;;x;;;;
EVTDESC100255;english;french;german;;spanish;;;;;;;;;x;;;;
EVTOPTA100255;english;french;german;;spanish;;;;;;;;;x;;;;
EVTNAME100256;english;french;german;;spanish;;;;;;;;;x;;;;
EVTDESC100256;english;french;german;;spanish;;;;;;;;;x;;;;
EVTOPTA100256;english;french;german;;spanish;;;;;;;;;x;;;;
EVTNAME100257;english;french;german;;spanish;;;;;;;;;x;;;;
EVTDESC100257;english;french;german;;spanish;;;;;;;;;x;;;;
EVTOPTA100257;english;french;german;;spanish;;;;;;;;;x;;;;
EVTNAME100258;english;french;german;;spanish;;;;;;;;;x;;;;
EVTDESC100258;english;french;german;;spanish;;;;;;;;;x;;;;
EVTOPTA100258;english;french;german;;spanish;;;;;;;;;x;;;;
EVTNAME100500;Romanisation bear fruit;french;Romanisierung trägt Früchte;;spanish;;;;;;;;;x;;;;
EVTDESC100500;Romanisation is a process of acculturation, integration and assimilation of newly incorporated and peripheral populations by the Roman Republic and the later Roman Empire.;french;Romanisierung bezeichnet die Übernahme der lateinischen Sprache und römischen Zivilisation durch andere, meist unterworfene Völker. Romanisierung bedeutet dabei im Wesentlichen eine sprachliche und kulturelle Anpassung unter Aufgabe oder Umgestaltung eigener Kulturformen. Die Romanisierung wurde oft durch Veteranen der Auxiliartruppen getragen, welche ursprünglich selbst Einheimische waren, aber den Status eines römischen Bürgers bekamen und folglich eine Einheimische (welche meist früher auch eine Angehörige vom selben Stamm oder Volk des Auxiliar-Veteranen war) heirateten. Dies hatte zur Folge, dass die Frau und der Nachfolger des Veteranen auch römische Bürger wurden. Wichtig war daneben auch die Rolle der lokalen Oberschichten, die sich früh an die Römer anpassten, um auf diese Weise Teilhabe an der Herrschaft zu gewinnen.;;spanish;;;;;;;;;x;;;;
EVTOPTA100500;Lingua Franca;Lingua Franca;Lingua Franca;;Lingua Franca;;;;;;;;;x;;;;
EVT_100600_NAME;Famine in $PROVINCENAME$;;;;;;;;;x;;;;
EVT_100600_DESC;A famine is a widespread scarcity of food, caused by several factors including crop failure, population imbalance, or government policies. This phenomenon is usually accompanied or followed by regional malnutrition, starvation, epidemic, and increased mortality.;;;;;;;;;x;;;;
EVT_100600_OPTA;May the Gods have mercy on us!;;;;;;;;;x;;;;
EVT_100601_NAME;Famine caused by Locusts!;;;;;;;;;x;;;;
EVT_100601_DESC;Locusts are the swarming phase of certain species of short-horned grasshoppers in the family Acrididae. In the solitary phase, these grasshoppers are innocuous, their numbers are low and they cause little economic threat to agriculture. However, under suitable conditions of drought followed by rapid vegetation growth, serotonin in their brains triggers a dramatic set of changes: they start to breed abundantly, becoming gregarious and nomadic (loosely described as migratory) when their populations become dense enough. They form bands of wingless nymphs which later become swarms of winged adults. Both the bands and the swarms move around and rapidly strip fields and cause damage to crops. The adults are powerful fliers; they can travel great distances, consuming most of the green vegetation wherever the swarm settles.;;;;;;;;;x;;;;
EVT_100601_OPTA;We are cursed!;;;;;;;;;x;;;;
EVT_100602_NAME;Disease!;;;;;;;;;x;;;; 
EVT_100602_DESC;Bubonic plague is one of three types of bacterial infection caused by Yersinia pestis. Three to seven days after exposure to the bacteria flu like symptoms develop. This includes fever, headaches, and vomiting. Swollen and painful lymph nodes occur in the area closest to where the bacteria entered the skin. Occasionally the swollen lymph nodes may break open.;;;;;;;;;x;;;;
EVT_100602_OPTA;We are cursed!;;;;;;;;;x;;;;
EVT_100603_NAME;Famine caused by Drought!;;;;;;;;;x;;;;
EVT_100603_DESC;Time of droughts can have significant environmental, agricultural, health, economic and social consequences. The effect varies according to vulnerability. For example, subsistence farmers are more likely to migrate during drought because they do not have alternative food sources. Areas with populations that depend on water sources as a major food source are more vulnerable to famine.;;;;;;;;;x;;;;
EVT_100603_OPTA;We are cursed!;;;;;;;;;x;;;;
EVT_100604_NAME;Famine!;;;;;;;;;x;;;;
EVT_100604_DESC;A famine is a widespread scarcity of food, caused by several factors including crop failure, population imbalance, or government policies. This phenomenon is usually accompanied or followed by regional malnutrition, starvation, epidemic, and increased mortality.;;;;;;;;;x;;;;
EVT_100604_OPTA;We are cursed!;;;;;;;;;x;;;;
EVTNAME110000;Egyptian Revolt;french;Ägyptische Revolte;;spanish;;;;;;;;;x;;;;
EVTDESC110000;The King of Persia, Artaxerxes III, personally leads the Persian forces invading Egypt. The Persians are keen to access Egypt's gold and corn supplies. The town of Pelusium in the Nile Delta puts up resistance, but Pharaoh Nectanebo II is forced to retreat to Memphis. As the situation deteriorates, Nectanebo II leaves for exile in Nubia. His departure marks the end of the 30th Dynasty, the last native house to rule Egypt. With Nectanebo II's flight, all organised resistance to the Persians collapses, and Egypt once again is reduced to a satrapy of the Persian Empire. A Persian satrap is put in place in Egypt. The walls of the country's cities are destroyed and its temples are plundered. Artaxerxes and his commander-in-chief, General Bagoas, leave Egypt loaded with treasure.;french;Ende 343 – persische Truppen marschieren in Ägypten ein; ihnen gelingt im nächsten Jahr der Sieg über Nektanebos II., den letzten ägyptischen König aus einer einheimischen Dynastie.;;spanish;;;;;;;;;x;;;;
EVTOPTA110000;We will crush them;french;Wir werden sie zerschlagen;;spanish;;;;;;;;;x;;;;
EVTNAME110100;Macedonian Invasion of Thracia to make it a tributary;french;Mazedonische Invasion von Thrakien um Tributpflicht herzustellen;;spanish;;;;;;;;;x;;;;
EVTDESC110100;King Philip II of Macedonia again marches against Cersobleptes, King of Thracia, and defeats him in several battles, and reduces him to the condition of being a tributary.;french;König Philip II von Mazedonien marschiert wiederholt gegen Cersobleptes, König von Thrakien, schlägt ihn in mehreren Schlachten und zwingt ihn damit zu Tributzahlungen.;;spanish;;;;;;;;;x;;;;
EVTOPTA110100;Lets do it.;french;Schlagt los;;spanish;;;;;;;;;x;;;;
EVTOPTB110100;Rather not.;french;Lieber nicht.;;spanish;;;;;;;;;x;;;;
EVTNAME110101;english;french;german;;spanish;;;;;;;;;x;;;;
EVTDESC110101;english;french;german;;spanish;;;;;;;;;x;;;;
EVTOPTA110101;english;french;german;;spanish;;;;;;;;;x;;;;
EVTNAME110200;Via Appia;french;Via Appia;;spanish;;;;;;;;;x;;;;
EVTDESC110200;The road began as a leveled dirt road upon which small stones and mortar were laid. Gravel was laid upon this, which was finally topped with tight fitting, interlocking stones to provide a flat surface. The historian Procopius said that the stones fit together so securely and closely that they appeared to have grown together rather than to have been fitted together. The road was cambered in the middle (for water runoff) and had ditches on either side of the road which were protected by retaining walls.;french;Die Via Appia wurde 312 v. Chr. von Appius Claudius Caecus begonnen. Sie beginnt in Rom an der Porta Capena. Ursprünglich führte die anfänglich noch ungepflasterte Via Appia nur über 195 Kilometer bis Capua und diente dem militärischen Nachschub gegen die Samniten. Um 190 v. Chr. wurde die Straße bis Brundisium (heute Brindisi) verlängert, das zum bedeutendsten Umschlagplatz für Waren und Sklaven aus dem Orient aufstieg. Die Via Appia wurde damit zu einer der wichtigsten Handelsstraßen Italiens oder gar des römischen Reiches. Nicht zufällig erhielt sie schon in der Antike den Beinamen Regina Viarum, „Königin der Straßen“.;;spanish;;;;;;;;;x;;;;
EVTOPTA110200;Lets go to Brindisi;french;Auf nach Brindisi;;spanish;;;;;;;;;x;;;;
EVTNAME110201;Romes "First" Colony and Harbour - Ostia;french;Roms "erste" Kolonie und Haupthafen;;spanish;;;;;;;;;x;;;;
EVTDESC110201;Ostia was the harbour city of ancient Rome, which is approximately 30 kilometres to the northeast. "Ostia" (plur. of "ostium") is a derivation of "os", the Latin word for "mouth". At the mouth of the River Tiber, Ostia was Rome's seaport, but due to silting the site now lies 3 kilometres from the sea.;french;Ostia, ist die ursprüngliche Hafenstadt des antiken Rom und möglicherweise dessen erste Kolonie. Der Name Ostia leitet sich von lateinisch ostium „Eingang; Mündung“ ab, womit die Tibermündung gemeint ist.;;spanish;;;;;;;;;x;;;;
EVTOPTA110201;The Mediterranean Sea awaits us.;french;Das Mittelmeer erwartet uns;;spanish;;;;;;;;;x;;;;
EVTNAME110500;english;french;german;;spanish;;;;;;;;;x;;;;
EVTDESC110500;english;french;german;;spanish;;;;;;;;;x;;;;
EVTOPTA110500;english;french;german;;spanish;;;;;;;;;x;;;;
EVTNAME110201;english;french;german;;spanish;;;;;;;;;x;;;;
EVTDESC110201;english;french;german;;spanish;;;;;;;;;x;;;;
EVTOPTA110201;english;french;german;;spanish;;;;;;;;;x;;;;
EVTNAME110202;english;french;german;;spanish;;;;;;;;;x;;;;
EVTDESC110202;english;french;german;;spanish;;;;;;;;;x;;;;
EVTOPTA110202;english;french;german;;spanish;;;;;;;;;x;;;;
EVTNAME200001;english;french;german;;spanish;;;;;;;;;x;;;;
EVTDESC200001;english;french;german;;spanish;;;;;;;;;x;;;;
EVTOPTA200001;english;french;german;;spanish;;;;;;;;;x;;;;
EVTOPTB200001;english;french;german;;spanish;;;;;;;;;x;;;;
EVTOPTC200001;english;french;german;;spanish;;;;;;;;;x;;;;
EVTNAME200200;english;french;german;;spanish;;;;;;;;;x;;;;
EVTDESC200200;english;french;german;;spanish;;;;;;;;;x;;;;
EVTOPTA200200;english;french;german;;spanish;;;;;;;;;x;;;;
EVTOPTB200200;english;french;german;;spanish;;;;;;;;;x;;;;
EVTOPTC200200;english;french;german;;spanish;;;;;;;;;x;;;;
##########################################;;;;;;;;;x;;;;
# Crime and Corruption Buildings #########;;;;;;;;;x;;;;
##########################################;;;;;;;;;x;;;;
anarchic_bomb_throwers;Anarchic Bomb Throwers;Lanceurs de bombes anarchistes;Saboteure;;Bombas anarquistas;;;;;;;;;x;;;;
citizen_guard;Citizen Guard;Garde citoyenne;Illegale Bürgerwehren;;Guardia ciudadana;;;;;;;;;x;;;;
immoral_business;Immoral Business;Activité immorale;Unmoralische Geschäfte;;Negocios inmorales;;;;;;;;;x;;;;
machine_politics;Machine Politics;Clientélisme;Politische Bestechungen;;Clientelismo;;;;;;;;;x;;;;
mafia;Mafia;Mafia;Diebesbanden;;Mafia;;;;;;;;;x;;;;
rotten_boroughs;Rotten Boroughs;Bourgs pourris;Slumbildung;;Burgos podridos;;;;;;;;;x;;;;
spoil_system;Spoil System;Système des dépouilles;Korruptes System;;Chupar del bote;;;;;;;;;x;;;;
terrorist_cells;Terrorist Cells;Cellules terroristes;Geheimbünde;;Grupúsculos terroristas;;;;;;;;;x;;;;
trusts;Trusts;Cartels;Kartelle;;Cárteles;;;;;;;;;x;;;;
desc_anarchic_bomb_throwers;Less money for crime fighting results in lowered ability to respond to security threats like anarchist uprisings.;La baisse des dépenses consacrées à la lutte contre le crime se traduit par une moindre efficacité en termes de réponse aux atteintes à la sécurité comme les soulèvements d'anarchistes.;Weniger Geld für die Verbrechensbekämpfung führt zu einer verringerten Reaktionsfähigkeit auf Sicherheitsrisiken wie anarchistische Rebellionen.;;La poca inversión en la lucha contra la delincuencia comporta menor capacidad de responder a amenazas contra la seguridad, como los brotes anarquistas.;;;;;;;;;x;;;;
desc_citizen_guard;Less money for crime fighting results in lowered ability to respond to security threats like battling street gangs.;La baisse des dépenses consacrées à la lutte contre le crime se traduit par une moindre efficacité en termes de réponse aux atteintes à la sécurité tels que les combats entre gangs.;Weniger Geld für die Verbrechensbekämpfung führt zu einer verringerten Reaktionsfähigkeit auf Sicherheitsrisiken wie Straßenbanden.;;La poca inversión en la lucha contra la delincuencia comporta menor capacidad de responder a amenazas, como las peleas de bandas callejeras.;;;;;;;;;x;;;;
desc_immoral_business;With rising crime rates and less government control, businessmen would become more and more centered on their own profits. This results in a higher risk of collapse for the entire system, as everybody strives for personal interests.;Avec la hausse du taux de criminalité et moins de contrôle du gouvernement, les hommes d'affaires seraient de plus en plus centrés sur leurs propres bénéfices. Il en résulte un risque accru d'effondrement de l'ensemble du système, comme tout le monde s'affaire pour ses intérêts personnels.;Mit steigenden Kriminalitätsraten und weniger Regierungskontrolle werden sich Geschäftsleute vermehrt auf ihre eigenen Profite konzentrieren. Dies führt zu einem höheren Zusammenbruchsrisiko für das gesamte System, da jeder seinen persönlichen Interessen nachgeht.;;Con el aumento de la tasa de criminalidad y el menor control gubernamental, los hombres de negocios se centraron más y más en su propio lucro. Esto comporta un gran riesgo de colapso de todo el sistema, ya que todo el mundo lucha sólo por su interés personal.;;;;;;;;;x;;;;
desc_machine_politics;The system of machine politics was in essence the bribery of mainly minorities by politicians using their influence. It was common to use the appointment for government jobs as a means of bribery within this system.;Le système du clientélisme se traduit, par essence, par la corruption des principales minorités par les politiciens usant de leur influence. Les nominations à des postes gouvernementaux sont des moyens de corruption.;Beim Politikmaschinerie-System ging es um Bestechungsgelder, die Politiker mit Hilfe ihres Einflusses hauptsächlich Minoritäten zukommen ließen. Innerhalb dieses Systems war es gang und gäbe, Regierungsjobs zu Bestechungszwecken auszunutzen.;;Era, en esencia, el soborno de minorías importantes por parte de políticos que utilizaban su influencia sobre ellas. En este sistema era común el soborno mediante la designación a dedo para cargos públicos.;;;;;;;;;x;;;;
desc_mafia;If the crime fighting institutions in a province become overstretched, organized crime in form of a mafia would develop. Such organizations resulted in lowered productivity in the province.;Si les institutions de lutte contre le crime d'une province sont trop sollicitées, le crime organisé se transforme en mafia. Et la productivité de la province baisse.;Wenn die Institutionen zur Verbrechensbekämpfung in einer Provinz überlastet sind, entwickelt sich organisiertes Verbrechen in Form einer Mafia. Solche Organisationen verringern die Produktion in der Provinz.;;Si las fuerzas de seguridad de una provincia estaban al límite, solía aparecer la delincuencia organizada en forma de mafias. Tales organizaciones conllevaban una merma de la productividad de la provincia.;;;;;;;;;x;;;;
desc_rotten_boroughs;The system of rotten boroughs was a system to create such small voting districts that a certain victory could be won through plain bribery.;Le système des bourgs pourris consiste à créer des circonscriptions électorales si petites qu'elles permettent une victoire certaine par le biais de la corruption.;Das System der Rotten Boroughs schaffte so kleine Wahldistrikte, dass Wahlsiege durch Bestechung gewonnen werden konnten.;;Con el sistema de burgos podridos se creaban distritos de votantes tan pequeños que se podía obtener una victoria mediante el soborno descarado.;;;;;;;;;x;;;;
desc_spoil_system;Lacking sufficient control institutions, politicians would eventually use their power and influence for their personal wealth and glory. This results in increased militancy of the whole population in the province.;À défaut d'institutions de contrôle suffisantes, les politiciens usent de leur pouvoir et de leur influence pour assurer leur fortune et leur gloire personnelle. Cela se traduit par un militantisme accru de toute la population de la province.;Ohne ausreichende Kontrollinstitutionen nutzten Politiker schließlich ihre Vorrechte und ihren Einfluss, um sich persönliche Vorteile in Form von Reichtum und Ruhm zu verschaffen. Dies führt zu erhöhter Militanz der gesamten Bevölkerung in der Provinz.;;Ante la falta de control de las instituciones, los políticos solían usar su poder e influencia en aras de su gloria y riqueza personal. Esto conlleva el aumento de la militancia de toda la población de una provincia.;;;;;;;;;x;;;;
desc_terrorist_cells;With less security personnel around in the province, terrorists have an easier time hiding and waiting for opportunities to strike.;Avec la réduction du personnel de sécurité de la province, les terroristes ont moins de mal à se cacher en attendant l'occasion de frapper.;Mit weniger Sicherheitspersonal in der Provinz können Terroristen leichter in ihren Verstecken auf Gelegenheiten zum Zuschlagen warten.;;Al disminuir el personal de seguridad en una provincia, los terroristas tienen más fácil esconderse y esperar una oportunidad para atacar.;;;;;;;;;x;;;;
desc_trusts;Less government investment into crime fighting results in a very unfair distribution of the wealth in a province. The rich would get even richer, while the poor would get poorer.;La baisse des investissements de l'État dans la lutte contre le crime se traduit par une répartition très injuste des richesses dans une province. Les riches deviennent encore plus riches et les pauvres encore plus pauvres.;Weniger Regierungsinvestitionen in die Verbrechensbekämpfung führt zu einer sehr ungerechten Verteilung des Reichtums in einer Provinz. Die Reichen wurden noch reicher, während die Armen immer ärmer wurden.;;A menor inversión del gobierno en la lucha contra la delincuencia, una distribución más injusta de la riqueza de una provincia. Los ricos se hacían más ricos... y los pobres, más pobres.;;;;;;;;;x;;;;
##########################################;;;;;;;;;x;;;;
# Building Names #########################;;;;;;;;;x;;;;
##########################################;;;;;;;;;x;;;;
railroad;Street;french;Straße;;spanish;;;;;;;;;x;;;;
##########################################;;;;;;;;;x;;;;
# Bookmarks ##############################;;;;;;;;;x;;;;
##########################################;;;;;;;;;x;;;;
SW_NAME;Samnite Wars;french;Samnitenkriege;;spanisch;;;;;;;;;x;;;;
SW_DESC;The Samnite Wars;french;Die Samnitenkriege waren drei Kriege zwischen der römischen Republik und den Samniten (Stämmen in Samnium), in denen es um die Kontrolle Kampaniens ging. Die Kriege dauerten von 343 v. Chr. bis 290 v. Chr., mit dem Ergebnis, dass die Samniten wieder auf ihr Ursprungsgebiet beschränkt wurden. Ihre Unabhängigkeit verloren sie allerdings erst nach einem Aufstand im italischen Bundesgenossenkrieg 82 v. Chr. durch Sulla. Die Jahreszahl im Spiel stellt die Jahre seit der Stadtgründung Roms dar. Das Jahr 410 a.u.c. (ab urbe condita = "seit der Stadtgründung") ist äquivalent zum Jahr 343 v. Chr. ;;spanisch;;;;;;;;;x;;;;
##########################################;;;;;;;;;x;;;;
# Units ##################################;;;;;;;;;x;;;;
##########################################;;;;;;;;;x;;;;
infantry;Light Infantry;french;Leichte Infanterie;;spanish;;;;;;;;;x;;;;
cavalry;Infantry;french;Infanterie;;spanish;;;;;;;;;x;;;;
cuirassier;Heavy Cavalry;french;Schwere Kavallerie;;spanish;;;;;;;;;x;;;;
dragoon;Cavalry;french;Kavallerie;;spanish;;;;;;;;;x;;;;
engineer;Archer;french;Bogenschütze;;spanish;;;;;;;;;x;;;;
guard;Light Cavalry;french;Leichte Kavallerie;;spanish;;;;;;;;;x;;;;
hussar;Ballista;french;Ballista;;spanish;;;;;;;;;x;;;;
irregular;Skirmisher;french;Plänkler;;spanish;;;;;;;;;x;;;;
artillery;Heavy Infantry;french;Schwere Infanterie;;spanish;;;;;;;;;x;;;;
tank;Catapult;french;Katapult;;spanish;;;;;;;;;x;;;;
plane;War Elephant;french;Kriegselefant;;spanish;;;;;;;;;x;;;;
commerce_raider;Commerce Raider;Navire marchand militarisé;Handelszerstörer;;Crucero auxiliar;;;;;;;;;x;;;;
cruiser;Cruiser;Croiseur;Kreuzer;;Crucero;;;;;;;;;x;;;;
frigate;Bireme;french;Bireme;;spanish;;;;;;;;;x;;;;
manowar;Trireme;french;Trireme;;spanish;;;;;;;;;x;;;;
ironclad;Ironclad;Cuirassé;Panzerschiff;;Acor. Ironclad;;;;;;;;;x;;;;
dreadnought;Dreadnought;Cuirassé de classe Dreadnought;Großkampfschiff;;Acor. Dreadnought;;;;;;;;;x;;;;
clipper_transport;Penteconter;french;Penteconter;;spanish;;;;;;;;;x;;;;
steam_transport;Quadrireme;french;Quadrireme;;spanish;;;;;;;;;x;;;;
monitor;Monitor;Cuirassé de classe Monitor;Schlachtschiff;;Monitor;;;;;;;;;x;;;;
##########################################;;;;;;;;;x;;;;
# Technologies ###########################;;;;;;;;;x;;;;
##########################################;;;;;;;;;x;;;;
worm_drive;Worm Drive;french;Schneckengetriebe;;spanish;;;;;;;;;x;;;;
crane;Crane;french;Kräne;;spanish;;;;;;;;;x;;;;
pulley;Pulley;french;Flaschenzug;;spanish;;;;;;;;;x;;;;
water_mill;Water Mill;french;Wassermühlen;;spanish;;;;;;;;;x;;;;
valves;Valves;french;Ventile;;spanish;;;;;;;;;x;;;;
hydraulic_press;Hydraulic Press;french;Hydraulische Pressen;;spanish;;;;;;;;;x;;;;
salting;Salting;french;Salzen;;spanish;;;;;;;;;x;;;;
use_organic_fertilizer;Organic Fertilizer;french;Naturdünger;;spanish;;;;;;;;;x;;;;
slave_force;Slave Force;french;Sklavenarbeit;;spanish;;;;;;;;;x;;;;
roman_plow;Roman Plow;french;Römischer Pflug;;spanish;;;;;;;;;x;;;;
set_aside;Set Aside;french;german;;spanish;;;;;;;;;x;;;;
latifundiums;Latifundiums;french;Latifundiums;;spanish;;;;;;;;;x;;;;
charcoal_obtaining;Charcoal Obtaining;french;Holzkohlegewinnung;;spanish;;;;;;;;;x;;;;
tin_and_copper_working;Tin and Copper Working;french;Zinn- und Kupferarbeiten;;spanish;;;;;;;;;x;;;;
bronze_working;Bronze Working;french;Bronzearbeiten;;spanish;;;;;;;;;x;;;;
gold_and_silver_working;Gold and Silver Working;french;Gold- und Silberarbeiten;;spanish;;;;;;;;;x;;;;
iron_working;Iron Working;french;Eisenarbeiten;;spanish;;;;;;;;;x;;;;
steel_working;Steel Working;french;Stahlarbeiten;;spanish;;;;;;;;;x;;;;
dirt_roads;Dirt Roads;french;Feldwege;;spanish;;;;;;;;;x;;;;
wooden_bridges;Wooden Bridges;french;Holzbrücken;;spanish;;;;;;;;;x;;;;
semi_paved_roads;Semi Paved Roads;french;Teilgepflasterte Straßen;;spanish;;;;;;;;;x;;;;
full_paved_roads;Full Paved Roads;french;Vollgepflasterte Straßen;;spanish;;;;;;;;;x;;;;
stone_bridges;Stone Bridges;french;Steinbrücken;;spanish;;;;;;;;;x;;;;
roman_highways;Roman Highways;french;Römische Schnellstraßen;;spanish;;;;;;;;;x;;;;
basic_plumbing;Basic Plumbing;french;Einfache Rohrleitungen;;spanish;;;;;;;;;x;;;;
soap_use;Soap Use;french;Seifennutzung;;spanish;;;;;;;;;x;;;;
public_bathing;Public Bathing;french;Öffentliche Bäder;;spanish;;;;;;;;;x;;;;
aqueducts;Aqueducts;french;Aquädukte;;spanish;;;;;;;;;x;;;;
sewage_system;Sewage Systems;french;Abwassersysteme;;spanish;;;;;;;;;x;;;;
early_medicine;Early Medicine;french;Frühe Medizin;;spanish;;;;;;;;;x;;;;
first_classicism;First Classicism;french;Erster Klassizismus;;spanish;;;;;;;;;x;;;;
early_classicism;Early Classicism;french;Früher Klassizismus;;spanish;;;;;;;;;x;;;;
alexandrian_school;Alexandrian School;french;Alexandrische Schule;;spanish;;;;;;;;;x;;;;
pergamum_school;Pergamum School;french;Pergamon Schule;;spanish;;;;;;;;;x;;;;
rhodes_school;Rhodes School;french;Rhodos Schule;;spanish;;;;;;;;;x;;;;
late_classicism;Late Classicism;french;Später Klassizismus;;spanish;;;;;;;;;x;;;;
sophism;Sophism;french;Sophismus;;spanish;;;;;;;;;x;;;;
platonic_academy;Platonic Academy;french;Platonische Akademie;;spanish;;;;;;;;;x;;;;
epicureanism;Epicureanism;french;Epikureismus;;spanish;;;;;;;;;x;;;;
stoicism;Stoicism;french;Stoizismus;;spanish;;;;;;;;;x;;;;
eclecticism;Eclecticism;french;Eklektizismus;;spanish;;;;;;;;;x;;;;
neopythagoreanism;Neopythagoreanism;french;Neopythagoräer;;spanish;;;;;;;;;x;;;;
socrates;Socrates;french;Sokrates;;spanish;;;;;;;;;x;;;;
aristotles_ethics;Aristotles Ethics;french;Aristoteles Ethik;;spanish;;;;;;;;;x;;;;
epicurus;Epicurus;french;Epikur;;spanish;;;;;;;;;x;;;;
zenon;Zenon;french;Zenon;;spanish;;;;;;;;;x;;;;
lucretius;Lucretius;french;Lukrez;;spanish;;;;;;;;;x;;;;
cicero;Cicero;french;Cicero;;spanish;;;;;;;;;x;;;;
pericles;Pericles;french;Perikles;;spanish;;;;;;;;;x;;;;
eucleides;Eucleides;french;Euklides;;spanish;;;;;;;;;x;;;;
philip_II_of_macedon;Philip II of Macedon;french;Philip II von Mazedonien;;spanish;;;;;;;;;x;;;;
alexander_the_great;Alexander the great;french;Alexander der Große;;spanish;;;;;;;;;x;;;;
polibius;Polibius;french;Polibius;;spanish;;;;;;;;;x;;;;
julius_caesar;Julius Caesar;french;Julius Caesar;;spanish;;;;;;;;;x;;;;
thales_of_miletus;Thales of Miletus;french;Thales von Milet;;spanish;;;;;;;;;x;;;;
pythagoras_of_samos;Pythagoras of Samos;french;Pythagoras von Samos;;spanish;;;;;;;;;x;;;;
plato;Plato;french;Platon;;spanish;;;;;;;;;x;;;;
aristotle;Aristotle;french;Aristoteles;;spanish;;;;;;;;;x;;;;
manual_of_discipline;Manual of Discipline;french;Anleitung zur Disziplin;;spanish;;;;;;;;;x;;;;
aelius_galenus;Aelius Galenus;french;Aelius Galenus;;spanish;;;;;;;;;x;;;;
tribal_levies;Tribal Levies;french;Stammesrekrutierung;;spanish;;;;;;;;;x;;;;
organized_conscription;Organized Conscription;french;Organisierte Wehrpflicht;;spanish;;;;;;;;;x;;;;
greek_phalanx;Greek Phalanx;french;Griechische Phalanx;;spanish;;;;;;;;;x;;;;
macedonian_phalanx;Macedonian Phalanx;french;Mazedonische Phalanx;;spanish;;;;;;;;;x;;;;
roman_maniples;Roman Maniples;french;Römische Manipel;;spanish;;;;;;;;;x;;;;
marian_reforms;Marian Reforms;french;Marianische Reformen;;spanish;;;;;;;;;x;;;;
celtic_sword;Celtic Sword;french;Keltisches Schwert;;spanish;;;;;;;;;x;;;;
iberian_falcata;Iberian Falcata;french;Iberisches Falcata;;spanish;;;;;;;;;x;;;;
dory;Dory;french;Dory;;spanish;;;;;;;;;x;;;;
sarissa;Sarissa;french;Sarissa;;spanish;;;;;;;;;x;;;;
pilum;Pilum;french;Pilum;;spanish;;;;;;;;;x;;;;
gladius_hispaniensis;Gladius Hispaniensis;french;Gladius Hispaniensis;;spanish;;;;;;;;;x;;;;
battering_ram;Battering Ram;french;Rammbock;;spanish;;;;;;;;;x;;;;
siege_tower;Siege Tower;french;Belagerungsturm;;spanish;;;;;;;;;x;;;;
gastraphetes;Gastraphetes;french;Gastraphetes;;spanish;;;;;;;;;x;;;;
oxybeles;Oxybeles;french;Oxybeles;;spanish;;;;;;;;;x;;;;
lithobolos;Lithobolos;french;Lithobolos;;spanish;;;;;;;;;x;;;;
helepolis;Helepolis;french;Helepolis;;spanish;;;;;;;;;x;;;;
pillage;Pillage;french;Plünderungen;;spanish;;;;;;;;;x;;;;
army_rations;Army Rations;french;Armeerationen;;spanish;;;;;;;;;x;;;;
placeholder1;Placeholder;french;german;;spanish;;;;;;;;;x;;;;
fortified_camps;Fortified Camps;french;Befestigte Lager;;spanish;;;;;;;;;x;;;;
placeholder2;Placeholder;french;german;;spanish;;;;;;;;;x;;;;
marius_mules;Marius Mules;french;Marius' Maultiere;;spanish;;;;;;;;;x;;;;
greco_persian_wars;Greco Persian Wars;french;Perserkriege;;spanish;;;;;;;;;x;;;;
peloponnesian_war;Peloponnesian War;french;Peloponnesischer Krieg;;spanish;;;;;;;;;x;;;;
samnite_wars;Samnite Wars;french;Samnitenkriege;;spanish;;;;;;;;;x;;;;
wars_of_alexander_the_great;Wars of Alexander the Great;french;Kriege von Alexander dem Großen;;spanish;;;;;;;;;x;;;;
pyrrhic_war;Pyrrhic War;french;Pyrrhischer Krieg;;spanish;;;;;;;;;x;;;;
punic_wars;Punic Wars;french;Punnische Kriege;;spanish;;;;;;;;;x;;;;
barter;Barter;french;Tauschhandel;;spanish;;;;;;;;;x;;;;
commodity_money;Commodity Money;french;Warengeld;;spanish;;;;;;;;;x;;;;
colored_gold;Colored Gold;french;Goldlegierungen;;spanish;;;;;;;;;x;;;;
silver_coins;Silver Coins;french;Silbermünzen;;spanish;;;;;;;;;x;;;;
gold_coins;Gold Coins;french;Goldmünzen;;spanish;;;;;;;;;x;;;;
salarium;Salarium;french;Gehälter;;spanish;;;;;;;;;x;;;;
##########################################;;;;;;;;;x;;;;
# Inventions #############################;;;;;;;;;x;;;;
##########################################;;;;;;;;;x;;;;
war_elephants;War Elephants;french;Kriegselefanten;;spanish;;;;;;;;;x;;;;
##########################################;;;;;;;;;x;;;;
# National Focuses #######################;;;;;;;;;x;;;;
##########################################;;;;;;;;;x;;;;
road_focus;Roads;french;Straße;;spanish;;;;;;;;;x;;;;
railroad_build_desc;Traders §Y$VAL$§W% more likely to build roads.;french;Händler bauen §Y$VAL$§W% mit größerer Wahrscheinlichkeit Straßen.;;spanish;;;;;;;;;x;;;;
NO_RAIL_YET;We can not encourage road building when we do not know how to build them yet.;french;Wir können keinen Straßenbau fördern, da wir noch nicht wissen, wie man sie baut.;;spanish;;;;;;;;;x
encourage_roads;Build Roads;french;Straßen bauen;;spanish;;;;;;;;;x;;;;
building_industry_focus;Encourage Building Industry;french;Bauindustrie fördern;;spanish;;;;;;;;;x;;;;
metal_focus;Encourage Building Industry;french;Metallindustrie fördern;;spanish;;;;;;;;;x;;;;
life_needs_focus;Encourage Life Needs Production;french;Lebensnotwendige Güterproduktion fördern;;spanish;;;;;;;;;x;;;;
every_day_needs_focus;Encourage Every Day Needs Production;french;Alltagskonsumgüterproduktion fördern;;spanish;;;;;;;;;x;;;;
luxury_needs_focus;Encourage Luxury Needs Production;french;Luxusgüterproduktion fördern;;spanish;;;;;;;;;x;;;;
militarist_focus;Militarist Focus;french;Militärfraktionsfokus;;spanish;;;;;;;;;x;;;;
trader_focus;Trader Focus;french;Händlerfraktionsfokus;;spanish;;;;;;;;;x;;;;
religious_focus;Religious Focus;french;Theologenfraktionsfokus;;spanish;;;;;;;;;x;;;;
civil_focus;Civilian Focus;french;Zivilistenfraktionsfokus;;spanish;;;;;;;;;x;;;;
populist_focus;Populist Focus;french;Populistenfraktionsfokus;;spanish;;;;;;;;;x;;;;
##########################################;;;;;;;;;x;;;;
# Main Menu ##############################;;;;;;;;;x;;;;
##########################################;;;;;;;;;x;;;;
FE_MOD_FORUM_DESC1;*Please write us, if you have any problems, ideas or suggestions.;french;*Bitte schreib uns, wenn du irgendwelche Probleme, Ideen oder Verbesserungen hast.;;spanish;;;;;;;;;x;;;;
FE_MOD_FORUM_DESC2;Use the forum link above and search for the title "Rise of Rome".;french;Nutze den Forenlink über dieser Nachricht und suche nach dem Titel "Rise of Rome".;;spanish;;;;;;;;;x;;;;
FE_MOD_FORUM_DESC3;Thank you.;french;Danke.;;spanish;;;;;;;;;x;;;;
##########################################;;;;;;;;;x;;;;
# Casus Belli ############################;;;;;;;;;x;;;;
##########################################;;;;;;;;;x;;;;
AGRESSION_WAR_HUMILIATE_NAME;$ORDER$$FIRST$ War to Humiliate $SECOND$;$ORDER$ guerre pour l'honneur $FIRST$-$SECOND$;$ORDER$$FIRST$-$SECOND$ Krieg der Ehre;;;;;;;;;;;x,,,
AGRESSION_WAR_PUPPET_NAME;$ORDER$War of $FIRST$ Control Over $SECOND_COUNTRY$;$ORDER$ guerre de $FIRST$ pour le contrôle de $SECOND_COUNTRY$;$ORDER$ Krieg um die Kontrolle von $FIRST$ über $SECOND_COUNTRY$;;;;;;;;;;;x,,,
AGRESSION_WAR_BOXER_NAME;$ORDER$War of $FIRST$ Control Over $SECOND_COUNTRY$;;;;;;;;;;x;;;;
status_quo;Status Quo;french;Status Quo;;spanish;;;;;;;;;x;;;;
